"","Full Structure","Region ID","Mean sedentary group","Mean voluntary group","Mean voluntary + enforced group","SD sedentary group","SD voluntary group","SD voluntary + enforced group","Uncorrected Pvalue","FDR corrected Pvalue","F-value","Cohen's F Effect Size","Effect Size Eta^2","CI lower bound","CI upper bound","Shapiro-Wilk Pvalue (norm)","Levene Test Pvalue (homog)"
"cp_L","Cerebral Peduncle (L)","133","0.276802551424867","0.227493383468307","0.231248122325295","0.0141980458695088","0.0078836320322011","0.0191824271665482","1.3000556924451e-08","1.3000556924451e-08","46.3198749814775","2.05204720354793","0.80809448723406","0.664544106150511","1","0.936597264333734","0.436495881274139"
"Iped_L","Interpeduncular Nucleus (L)","90","0.0315714938593222","0.0213957969195912","0.0219328454729575","0.00387232295809572","0.0016981036560964","0.0106809311006484","1.15130625682246e-07","1.15130625682246e-07","36.010353358786","1.80932818669316","0.766008991337561","0.594850544648369","1","0.998357974786494","0.0943025420307587"
"Hyp_R","Hypothalamus (R)","225","1.1647205228803","1.03855024379007","1.05149905311169","0.0486123619618047","0.0415959296625326","0.0234073440992948","1.00235781173654e-06","1.00235781173654e-06","27.6148409769221","1.58443683648516","0.715135431825964","0.513574767955625","1","0.337648449957467","0.229829500982376"
"GP_R","Globus Pallidus (R)","229","0.195333076051859","0.171331971567583","0.181190524819107","0.00789955574732174","0.00680866116345942","0.0128317499235647","1.38483267665253e-06","1.38483267665253e-06","26.4966898327404","1.5520277010397","0.706640771516975","0.500358309151904","1","0.901451825208582","0.94302654917366"
"mcp_L","Middle Cerebellar Peduncle (L)","144","0.216897562582553","0.181084425159085","0.17906075613221","0.0146978902398837","0.0115198208161848","0.0193310002410197","4.45270202914039e-06","4.45270202914039e-06","22.719524811324","1.4371539049399","0.673779507227638","0.450275020263328","1","0.126552503567709","0.864014537954308"
"DLO_L","Dorsolateral Orbital Cortex (L)","13","0.0951425513700944","0.06505474632615","0.0692496127469663","0.0175993156812979","0.00379315291537439","0.0106809311006484","1.44161761809163e-05","1.44161761809163e-05","19.3038092223415","1.32472327204046","0.637009330434596","0.396333930239693","1","2.93382811541613e-06","0.0782019377605752"
"DTg_L","Dorsal Tegmentum (L)","107","0.225849540623412","0.203829893807621","0.200140912725954","0.0124018088250999","0.00695108892866166","0.0155658577432095","1.89983792653276e-05","1.89983792653276e-05","18.5529113628544","1.29870254704995","0.627786248706918","0.383173280910177","1","0.523671539563548","0.28474303604177"
"FrA_L","Frontal Association Cortex (L)","15","0.827995564720631","0.683896219374136","0.696013893542866","0.0791100111455316","0.0406809613146522","0.04111370050324","3.42827725509276e-05","3.42827725509276e-05","17.0088238765085","1.24348571203944","0.607266622529413","0.354449890920803","1","0.54529619179049","0.164524219906248"
"S1HL_R","Primary Somatosensory Cortex Hindlimb Region (R)","194","0.228126629623872","0.256772477597478","0.24792321700156","0.0133929358177913","0.00876957505873033","0.0168138293648347","5.53861560195261e-05","5.53861560195261e-05","15.8136669151296","1.19900211976193","0.589761443863045","0.33057197678152","1","0.974000353268541","0.592835941276659"
"Sthal_L","Subthalamic Nucleus (L)","61","0.0568581246105867","0.0503371263197337","0.050277612347085","0.00340547996964062","0.00211833149185607","0.0116853789811289","6.09437146500455e-05","6.09437146500455e-05","15.581590606997","1.19017151579078","0.5861797676959","0.325759320830274","1","0.394871851022772","0.4708297123299"
"MEnt_R","Medial Entorhinal Cortex (R)","211","0.04764814418223","0.0581690035849413","0.0564080847255188","0.00382156659692069","0.00418246947224242","0.0118959763915077","7.14908425778755e-05","7.14908425778755e-05","15.198655914087","1.17545565300854","0.580131132067531","0.317688899147775","1","0.184016887831086","0.881683946029545"
"PAG_L","Periaquaductal Grey (L)","69","0.769470115268143","0.702149953588145","0.691115111874968","0.0302589676149255","0.02444217971407","0.0434283771816713","7.47390403659884e-05","7.47390403659884e-05","15.0930429444839","1.17136450908114","0.578431690646284","0.315434385398198","1","0.182031283209311","0.753984668114956"
"S1HL_L","Primary Somatosensory Cortex Hindlimb Region (L)","28","0.227347373219696","0.279565240535026","0.264717642997932","0.0147074207176858","0.0307498107550594","0.0191066287166283","8.89339885962353e-05","8.89339885962353e-05","14.6837983489987","1.15537472665793","0.571714438396965","0.306579472733178","1","0.663809758350052","0.108406200287379"
"Pn_L","Pontine Nucleus (L)","110","0.133476385547553","0.100617016258654","0.101555353811061","0.0183760505385699","0.0142858702094927","0.0168138293648347","0.000116198616218138","0.000116198616218138","14.0669612196346","1.13084687572209","0.561175369299097","0.292869513804196","1","0.996437967719386","0.455584657712494"
"V1M_R","Primary Visual Cortex Monocular Area (R)","203","0.357888686365262","0.438355724044999","0.408880421403024","0.0343991061689402","0.0295997157843874","0.0386445095595124","0.000187336654075977","0.000187336654075977","13.0018745549482","1.08719298926381","0.541702462663181","0.268137809060571","1","0.538346797096015","0.957532823473492"
"Raph_L","Raphe Nucleus (L)","105","0.0450669305995578","0.037441284750155","0.0380287115037162","0.00415115767909161","0.00254216063627704","0.0118242952605398","0.000259771305253173","0.000259771305253173","12.2990890803577","1.05740200837016","0.527878537995137","0.251064427355453","1","0.541411635111099","0.590332893100523"
"VIEnt_R","Ventral Intermediate Entorhinal Cortex (R)","212","0.0969254316059211","0.116307274233561","0.114752519660999","0.00825592714347608","0.0100982872538432","0.0168138293648347","0.000313618037118357","0.000313618037118357","11.9034909327099","1.04025743897233","0.519723869504531","0.241185349366434","1","0.684246121181917","0.972758542746745"
"V2ML_L","Secondary Visual Cortex Mediolateral Area (L)","39","0.0878964081088256","0.109112845704656","0.101196263680183","0.0102562588483942","0.011479547540334","0.0117160429872357","0.000327820748845952","0.000327820748845952","11.8114561495934","1.03622813167378","0.517786154120808","0.238859179662235","1","0.514662953291292","0.0641370078013415"
"DIEnt_R","Dorsal Intermediate Entorhinal Cortex (R)","209","0.103948234955232","0.121314292842709","0.124947041486339","0.0106920025874147","0.00952416702005172","0.0161534385976592","0.000362273513517336","0.000362273513517336","11.6051577049474","1.02713890823656","0.513385390025723","0.23360665290867","1","0.740170098087993","0.944639900899324"
"DLEnt_L","Dorsolateral Entorhinal Cortex (L)","44","0.199739431641643","0.239043432847413","0.2367189199129","0.0249316246734604","0.0167791665709871","0.0209081534567003","0.00050967439660425","0.00050967439660425","10.9144059170443","0.996101761734866","0.498047081831019","0.215634591136464","1","0.57877819551767","0.53290483313714"
"SN_L","Substantia Nigra (L)","83","0.115116419403143","0.103231123134145","0.100162517024046","0.0102557870020375","0.00484685607793346","0.0118242952605398","0.00055187808529996","0.00055187808529996","10.7564865480376","0.988869260042984","0.494403658618666","0.211443019790541","1","0.202015467735958","0.0882114344025039"
"PRh_L","Perirhinal Cortex (L)","55","0.126711679674179","0.150066024524154","0.14418740406801","0.0124758819655831","0.00961814667892078","0.0180462137059726","0.000643626259208147","0.000643626259208147","10.4544254838926","0.974885796756478","0.487285268568087","0.203340388956256","1","0.360388900145704","0.635857434030181"
"Pr5_L","Trigeminal Sensory Nucleus (L)","106","0.0747623159127644","0.06575029529692","0.0630689038506937","0.00788926555032071","0.00306256177975025","0.0118242952605398","0.00067277862324529","0.00067277862324529","10.3682000627804","0.970857168728203","0.485216351041187","0.201007097690613","1","0.382377934434536","0.0668761225501278"
"GP_L","Globus Pallidus (L)","63","0.215505838326049","0.197159043454431","0.19934390330482","0.00927072319803151","0.00857189997498736","0.0171024262982001","0.000686719085594674","0.000686719085594674","10.3283971940728","0.968991846952885","0.484255666288092","0.199926970714573","1","0.578176260370778","0.953370297231993"
"Hyp_L","Hypothalamus (L)","59","1.14320002687236","1.03074744474724","1.02445957160543","0.0902027771254206","0.0438545520116407","0.0372380232246384","0.000883198627216327","0.000883198627216327","9.84604836479558","0.946094765808641","0.472322053201383","0.186687314819755","1","0.2233354702238","0.0786523966266701"
"Sthal_R","Subthalamic Nucleus (R)","227","0.05822943322594","0.0506262464817887","0.0518411697956912","0.00492383877843176","0.00178089356823707","0.0118242952605398","0.00101972599571762","0.00101972599571762","9.57542105861054","0.933002049038505","0.465381536121875","0.179139796639899","1","0.0905810759173807","0.179755918308956"
"V1B_L","Primary Visual Cortex Binocular Area (L)","36","0.182847385100886","0.204211056360505","0.205097706233616","0.0143275511261433","0.0125318384076675","0.0156895916537102","0.00111095869665126","0.00111095869665126","9.41576237351421","0.925191006004815","0.461200625342773","0.174647907525395","1","0.340966835532426","0.303636675857385"
"PaS_R","Parasubiculum (R)","220","0.112573660211094","0.125428865789838","0.117206193837302","0.00564471893097714","0.00487331034629774","0.0155658577432095","0.00112846814304199","0.00112846814304199","9.3867596598024","0.923765006511268","0.460434115888988","0.17382902745971","1","0.418432553009088","0.554526323131111"
"Ins_R","Insular Cortex (R)","182","0.699620352462386","0.750806075478156","0.76012446174624","0.0402915107711215","0.0222191969677076","0.0339752745785362","0.00139720241595211","0.00139720241595211","8.99468490198711","0.904266900562756","0.449853795950203","0.162666756521563","1","0.804921549099726","0.13229410924079"
"V2ML_R","Secondary Visual Cortex Mediolateral Area (R)","205","0.10457950754068","0.119966592732525","0.117004395002024","0.00938797409095284","0.00786447726601926","0.0142357903831374","0.00152932481632405","0.00152932481632405","8.83112055362738","0.8960073332506","0.445316265903696","0.157962060402366","1","0.583711938123593","0.597550722303389"
"V2MM_L","Secondary Visual Cortex Mediomedial Area (L)","40","0.151972306434441","0.189315502735705","0.164514791702833","0.0231273117811169","0.0207983261880388","0.0155658577432095","0.00173635263992873","0.00173635263992873","8.60354849484487","0.884387229814308","0.438877099067413","0.151371374873962","1","0.0558602317358825","0.319630689945538"
"DLEnt_R","Dorsolateral Entorhinal Cortex (R)","210","0.229039425681393","0.258475177972761","0.260045496757586","0.0227499881133594","0.0152200706735183","0.0196376487145608","0.00202933493572675","0.00202933493572675","8.32763473760298","0.870090629428023","0.430866727908569","0.143314022108886","1","0.377442248902729","0.587393570091981"
"MRN_L","Midbrain Reticular Nucleus (L)","85","0.406634577624083","0.387535214796086","0.371153937206978","0.020526513018222","0.0115192898491908","0.0256849331185841","0.00205578232085134","0.00205578232085134","8.3048971326524","0.868901978604575","0.43019639398158","0.142646916181886","1","0.129144347250415","0.254539818855109"
"BNst_L","Bed Nucleus of the Stria Terminalis (L)","67","0.06227431601368","0.056826286336605","0.0563921367097062","0.0036051083664563","0.00288964320903458","0.0118242952605398","0.00230919301591753","0.00230919301591753","8.10196822521418","0.858220581161138","0.424143110787911","0.136673260536042","1","0.128269662248582","0.599711793810995"
"RTN_L","Reticular Nucleus of Thalamus (L)","78","0.257262059827773","0.240114780301186","0.230232826047135","0.0156501462675527","0.0159639583645197","0.0191066287166283","0.00347862537536384","0.00347862537536384","7.40352771904419","0.820395011234565","0.402288508598432","0.115871268280927","1","0.646512729936578","0.460847300811599"
"PAG_R","Periaquaductal Grey (R)","235","0.843624930843372","0.790388480639267","0.774697584787671","0.0411460900999793","0.0462788873987154","0.0372380232246384","0.00491821207316538","0.00491821207316538","6.83316342705366","0.788160310588332","0.383171693289563","0.0986776984998586","1","0.449052141599353","0.650017544565809"
"Ect_R","Ectorhinal Cortex (R)","219","0.190590601902104","0.213932338197495","0.197504386294685","0.0128166743084278","0.0140666793120369","0.0195136025781889","0.00496547935999874","0.00496547935999874","6.81766378368359","0.787265912318391","0.38263511234996","0.0982088102849921","1","0.485180177008026","0.964577906805283"
"Au1_L","Primary Auditory Cortex (L)","10","0.126437148299429","0.136321040740271","0.139822459274735","0.00802530970056017","0.00916496224782003","0.0133629888913376","0.00512020686260288","0.00512020686260288","6.76802986022075","0.784394952710846","0.380910540643174","0.0967070147623331","1","0.685886182693901","0.614997679486278"
"PLCo_R","Posterolateral Cortical Amygdaloid Area (R)","215","0.151273060972746","0.172062081259185","0.182590653652599","0.0206415392143389","0.0152264122230891","0.0242117993642142","0.00611837138040999","0.00611837138040999","6.48266393323663","0.767680327245458","0.370805270752377","0.0880645364845339","1","0.176395068175825","0.629492252601657"
"S1_R","Primary Somatosensory Cortex (R)","190","0.0574777392632556","0.0693908851678263","0.0657645094094937","0.00712422468590406","0.00735849625180294","0.014397648123716","0.00621854401128806","0.00621854401128806","6.45687244443954","0.766151684746538","0.369875673033071","0.0872830997290589","1","0.721440096608872","0.935234634945559"
"S1Tr_L","Primary Somatosensory Cortex Trunk Region (L)","31","0.0451527377400533","0.05454965405004","0.0515941726504962","0.00425330741550531","0.00791282105809188","0.0118242952605398","0.00688307770455187","0.00688307770455187","6.29648668044149","0.756576420489124","0.364032696163749","0.0824240487486029","1","0.610112246206096","0.272997903211688"
"PRh_R","Perirhinal Cortex (R)","221","0.152558936392551","0.171735536969978","0.155966928641108","0.0110845058357972","0.0129986792288089","0.0188258356806446","0.0072843457391563","0.0072843457391563","6.20762039859045","0.751218428384572","0.360748334447158","0.0797328532571187","1","0.372358086023397","0.97078834397913"
"A24a_R","Cingulate Cortex Area 24a (R)","167","0.177852820184367","0.155378759684222","0.167746951339919","0.0152638931546032","0.00710520437246031","0.02116154251837","0.00731862173197769","0.00731862173197769","6.20027838501449","0.750774048142951","0.360475467095719","0.0795105534608163","1","0.576659732188242","0.369635384909769"
"MPtA_L","Medial Parietal Association Cortex (L)","22","0.0284488201149067","0.0354853844702825","0.0321915126304987","0.00410398330496473","0.00492957782043543","0.0117160429872357","0.00734061762137234","0.00734061762137234","6.19558653669021","0.750489933109772","0.360300971616798","0.0793684986333199","1","0.638682961207359","0.344197900953107"
"TeA_L","Temporal Association Cortex (L)","34","0.284176097319429","0.316732369165903","0.319470530900636","0.0270973928596515","0.018852842528944","0.027918319770475","0.00781982918117743","0.00781982918117743","6.09701160195677","0.744495656129752","0.356612707758762","0.0763852314180338","1","0.649627760836467","0.411384334578583"
"V2L_R","Secondary Visual CortexLateral Area (R)","204","0.218965127488271","0.251706793967371","0.242009198825365","0.0227981039725952","0.0170601026439697","0.0251132673749465","0.00799267086482099","0.00799267086482099","6.06306539469301","0.74242020659052","0.355332717448223","0.0753585032995731","1","0.313396309648115","0.983234048964729"
"MiTg_L","Microcellular Tegmental Nucleus (L)","153","0.0959972220778122","0.0967621103790712","0.086673309206875","0.00712791397915167","0.00554151842847978","0.0145388872238112","0.00829312254641202","0.00829312254641202","6.00592001743617","0.738913207932998","0.353166427413413","0.0736307813244131","1","0.0636949494916488","0.774393454514757"
"PtPR_L","Parietal Cortex Posterior Area Rostral Part (L)","23","0.00546220552138613","0.00678295281555489","0.00628883989065553","0.000670879911321111","0.00105376810420862","0.00858478573146218","0.0100163977774941","0.0100163977774941","5.71653182275105","0.720891608467727","0.341968769800139","0.0649030504169035","1","0.75804935752409","0.394249778729263"
"Su5_L","Pedunculotegmental Medial Paralemniscial and Supratrigemnial Nuclei (L)","101","0.0302127336966111","0.02651240683616","0.0270368506745613","0.00337919268988667","0.00177634243513733","0.0106809311006484","0.0100767508623991","0.0100767508623991","5.70740504050157","0.720315905476174","0.341609305973361","0.0646285262813607","1","0.932226996553506","0.0693495798262641"
"S1Sh_L","Primary Somatosensory Cortex Shoulder Region (L)","30","0.00577244641230681","0.00719777203771736","0.00709810418583912","0.000972905200860117","0.00107448507931514","0.0101870364938314","0.0111437113498033","0.0111437113498033","5.55523788875021","0.710648736191108","0.335557720528145","0.0600594042681405","1","0.22661819176595","0.95460373142551"
"ac_L","Anterior Commisure (L)","118","0.04017626624765","0.0379914782892275","0.0362022167473837","0.00298472779385136","0.00141449243327067","0.0116853789811289","0.0113777786888215","0.0113777786888215","5.52398272423181","0.708646772135058","0.334300925897913","0.0591230194953982","1","0.884241802454798","0.281566618695392"
"vhc_L","Ventral Hippocampal Commissure (L)","126","0.00197238041849126","0.0021549062221131","0.00164080517006772","0.00029310749549532","0.000406853893810865","0.00761250951583606","0.0117735417851114","0.0117735417851114","5.47269905724667","0.705349626861271","0.33222843677455","0.0575882611519408","1","0.70147198452495","0.239489948730974"
"Post_L","Postsubiculum (L)","151","0.0581703436976689","0.052963727123035","0.0595586230426425","0.00433259876203038","0.00455722155752066","0.0118242952605398","0.0118033207403897","0.0118033207403897","5.46891658381825","0.705105832405724","0.332075067353964","0.0574751563116028","1","0.861879615090434","0.791917416903158"
"DIEnt_L","Dorsal Intermediate Entorhinal Cortex (L)","43","0.107058057326523","0.123547131112626","0.119954383437241","0.0143276191392101","0.00659568285678436","0.0171024262982001","0.0121473130123309","0.0121473130123309","5.42596324639675","0.702331393315198","0.330328466282609","0.0561915902397413","1","0.464214645871684","0.155060214401856"
"V1B_R","Primary Visual Cortex Binocular Area (R)","202","0.1807349076026","0.210160086435084","0.200613988063956","0.0229054120772409","0.0196752180112146","0.0191885564663355","0.0130621567271936","0.0130621567271936","5.31789216295672","0.695301907150394","0.325893326775923","0.0529696001556787","1","0.0748944190310401","0.663830865897042"
"BNst_R","Bed Nucleus of the Stria Terminalis (R)","233","0.0614936521772033","0.056435456603045","0.05773653665182","0.00427549109542324","0.00310516338555895","0.0106809311006484","0.0139789338211665","0.0139789338211665","5.21757643368723","0.688712661663195","0.321723560546892","0.0499894115323092","1","0.642031208081752","0.353394470355056"
"S1FL_L","Primary Somatosensory CortexForelimb Region (L)","27","0.307978049841026","0.340606379534245","0.331955251167061","0.0176066034856886","0.0295297080259121","0.0233250901299925","0.0151478580857734","0.0151478580857734","5.09960796448414","0.680882312917594","0.316753549262436","0.0464992419190596","1","0.257931736358103","0.35919816742551"
"V2MM_R","Secondary Visual Cortex Mediomedial Area (R)","206","0.151950547220376","0.169183646675801","0.165392371588395","0.0110867819523102","0.0118379186808924","0.0191885564663355","0.015476738520213","0.015476738520213","5.06820193548232","0.678782461837659","0.315418113105148","0.0455729156852882","1","0.202329335052911","0.617514089758851"
"PVG_L","PVG of Hypothalamus (L)","165","0.0105956951998242","0.00920766764162602","0.00905363210547847","0.00138462286690197","0.00121101509705854","0.00761250951583606","0.0155445178745107","0.0155445178745107","5.06181993158135","0.67835495747107","0.315146101322466","0.0453848224926598","1","0.209325880602896","0.120038179244317"
"sc_L","Spinocerebellar Tract (L)","141","0.0401366431043689","0.050011312649795","0.0593386207433625","0.0103038970078006","0.013682641046225","0.0200651116815307","0.0159724581563706","0.0159724581563706","5.02221389553647","0.675695863235986","0.313453179958831","0.0442187377185171","1","0.599052148084608","0.701239133381063"
"Ect_L","Ectorhinal Cortex (L)","53","0.179196799812386","0.19845355498815","0.199847232632392","0.0165461060806018","0.0166525653230636","0.0191885564663355","0.0180103872337713","0.0180103872337713","4.84825676331723","0.663890514201717","0.305917353291444","0.0391225948046961","1","0.883220606932445","0.71581479152786"
"Athal_L","Anterior Thalamic Nuclei (L)","157","0.0800569649841633","0.0776934723774963","0.0727216569562188","0.00530395342300998","0.00524685637171967","0.0118242952605398","0.0183040455926735","0.0183040455926735","4.82497198312659","0.662294358006976","0.304896083751126","0.0384437653177094","1","0.70683932287001","0.823094233493261"
"RTg_L","Reticulotegmental Nucleus of Pons (L)","111","0.0416259849599978","0.03610521355996","0.0355151955543188","0.00507457894709524","0.00469469535867507","0.0118242952605398","0.0197030268576451","0.0197030268576451","4.71937028544018","0.655006612419099","0.300226421271559","0.0353758671012053","1","0.482430203295436","0.555141306589377"
"VIEnt_L","Ventral Intermediate Entorhinal Cortex (L)","46","0.0964392669446411","0.107538730483836","0.10499594305543","0.0103645715621796","0.00749322964089035","0.0118242952605398","0.0211921497270261","0.0211921497270261","4.61559702179784","0.647765180643688","0.295576084305641","0.0323788183008846","1","0.28450948236927","0.227738140957646"
"PLCo_L","Posterolateral Cortical Amygdaloid Area (L)","49","0.163083131719688","0.184101081397594","0.18338641862206","0.0215388903319761","0.0113703960525889","0.0201018888362","0.0219548134289413","0.0219548134289413","4.56548681125411","0.644239284403362","0.293308321584468","0.0309382223551644","1","0.126651986779694","0.510879222287082"
"ParB_L","Parabrachial Nucleus (L)","97","0.0420309320486444","0.039871046710495","0.0389019258019625","0.00183387933929496","0.00297265758849142","0.0106809311006484","0.0228236789802391","0.0228236789802391","4.5106626886186","0.640359465003738","0.290810443059176","0.0293672469809929","1","0.141902062759424","0.896617818563423"
"V1M_L","Primary Visual Cortex Monocular Area (L)","37","0.385971790610978","0.433366399601265","0.41646702668795","0.0307256860951783","0.0410255171463151","0.0317289638992722","0.0235194837306758","0.0235194837306758","4.46837544948498","0.63735072758504","0.288871670077917","0.0281592796202462","1","0.0746182414383009","0.476827345084306"
"MGN_L","Medial Geniculate Nucleus (L)","75","0.0572161039122944","0.0537632096890487","0.0525382998526863","0.00334256451028718","0.00157698053193739","0.0118242952605398","0.0249149885416418","0.0249149885416418","4.38753259539346","0.631558864700056","0.28513555166778","0.0258592919947784","1","0.167667768239508","0.341493192316894"
"S2_L","Secondary Somatosensory Cortex (L)","33","0.567780264543798","0.593694770827197","0.613198805381855","0.0351401916726784","0.0274794965344803","0.0372380232246384","0.0262928320801575","0.0262928320801575","4.31242002838599","0.626129526854249","0.281628901270451","0.0237336575970088","1","0.678034725923413","0.728581443708577"
"TeA_R","Temporal Association Cortex (R)","200","0.269367626025143","0.296765030059625","0.285099478787695","0.019125444825948","0.0170280587949016","0.0274113704423655","0.0266498184897981","0.0266498184897981","4.29365852942207","0.624766031073893","0.28074763936712","0.0232044719376756","1","0.286612424368071","0.569408008297736"
"DLO_R","Dorsolateral Orbital Cortex (R)","179","0.0787480934666656","0.068982338509505","0.0745572280077038","0.00967805628168836","0.00507591380565066","0.0118242952605398","0.029308112584307","0.029308112584307","4.16203259568814","0.615115110859758","0.274503604277421","0.0195119226009617","1","0.948868963258111","0.101043601208431"
"icp_oc_tz_L","Inferior Cerebellar Peduncle (L)","146","0.0638603967393478","0.0577603895450138","0.0573669872508462","0.00726186739023495","0.00377589734669859","0.0118242952605398","0.0327417666907427","0.0327417666907427","4.01009367080557","0.603783048845555","0.267159803179986","0.0152945562489849","1","0.245238369911204","0.314175489478172"
"LV_L","Lateral Ventricle (L)","148","0.749859107950723","0.710623716410196","0.661527939359577","0.0768141222398582","0.0692415575245879","0.0431028490090067","0.0336881654307933","0.0336881654307933","3.97126092924384","0.600852495077077","0.265258948328571","0.0142246036360198","1","0.710560256312084","0.294658728048105"
"V1_L","Primary Visual Cortex (L)","35","0.0512284781206678","0.0576805800068175","0.0549081386987863","0.00356804225209401","0.00695074911391816","0.0117160429872357","0.0339980072041982","0.0339980072041982","3.95880551956557","0.599909502233126","0.264647168143713","0.0138821125265758","1","0.277457509611103","0.143260030472056"
"S1_L","Primary Somatosensory Cortex (L)","24","0.05870857873468","0.0660839763480787","0.065192484660785","0.00389261548367519","0.00797213808819527","0.0129162131031215","0.0344550413403651","0.0344550413403651","3.94065734508055","0.598532853589094","0.263753946969279","0.0133836757131515","1","0.666287611564258","0.237994112480548"
"lo_L","Lateral Olfactory Tract (L)","125","0.0986924745473011","0.0791557996450263","0.0789509649936375","0.0279288208582793","0.00205298295808394","0.0118242952605398","0.0379784574165192","0.0379784574165192","3.80899736975312","0.588449223093526","0.257208322390067","0.00978909150028519","1","2.84951237573328e-06","0.10692681278093"
"A24bPrime_L","Cingulate Cortex Area 24b prime (L)","4","0.0335776153695011","0.0403271584357175","0.035130773000825","0.00301210528642659","0.00597299785632728","0.0140001238990254","0.0381214822792622","0.0381214822792622","3.80393776601985","0.588058265976784","0.256954455371408","0.00965174143909681","1","0.413979500749822","0.282143970742972"
"CSF_L","Cerebrospinal fluid (L)","161","0.0424137556709422","0.0376768319810937","0.0392595398670175","0.00381851087268372","0.00272319577708491","0.0118242952605398","0.0382491013649354","0.0382491013649354","3.79944060424075","0.587710550606856","0.256728663322047","0.00952963551420837","1","0.590692497591822","0.822808221648903"
"CEnt_R","Caudomedial Entorhinal Cortex (R)","208","0.514928840809552","0.538518581036744","0.50304841810745","0.0240907993716348","0.0350957121620504","0.0234073440992948","0.0396352291256161","0.0396352291256161","3.75162395974255","0.584000619531315","0.254319386799772","0.00823443096525517","1","0.886683588637046","0.268663867440993"
"Au1_R","Primary Auditory Cortex (R)","176","0.118300081967356","0.131173304233134","0.12633367653792","0.0113336739276832","0.00838066395937837","0.0169384980762913","0.0404612722693749","0.0404612722693749","3.72398799689159","0.581845652517728","0.252919793039614","0.0074881023944353","1","0.0701826135594922","0.541122605396861"
"AuD_R","Secondary Auditory Cortex Dorsal Part (R)","177","0.146089504597516","0.163243956462756","0.161226861385421","0.0127219712333098","0.0179264887632192","0.0191066287166283","0.0408536664410065","0.0408536664410065","3.71107497651332","0.580835994416928","0.252264024378787","0.00713995461669915","1","0.308074246705408","0.321476028776962"
"MEnt_L","Medial Entorhinal Cortex (L)","45","0.0510477336560856","0.0571304148218975","0.05524490986874","0.00664251279543559","0.00366793570723233","0.0117160429872357","0.0431754350013387","0.0431754350013387","3.63733707530409","0.57503652653186","0.24849718610641","0.00515863034044472","1","0.0684149438115061","0.420478705413129"
"LPtA_L","Lateral Parietal Association Cortex (L)","18","0.01591591588838","0.0189341360378388","0.0185504113124","0.00158987725199431","0.00355292226695612","0.0106809311006484","0.0443690532267102","0.0443690532267102","3.60109402812489","0.572164473184931","0.246631794931832","0.00418897047059962","1","0.870771658167802","0.123366760743128"
"ml_L","Medial Lemniscus (L)","142","0.0214311384795656","0.019222401505735","0.0191964937987375","0.00200610899271769","0.00208817798434797","0.0106809311006484","0.0454403194248254","0.0454403194248254","3.56946046103788","0.56964585976631","0.244996063552487","0.00334488771636372","1","0.940518586449947","0.997019320550205"
"Vpal_L","Ventral Pallidum (L)","68","0.188180047901779","0.178066444309397","0.176589292032269","0.0126415465226391","0.00597296058917739","0.0171024262982001","0.0500178837784626","0.0500178837784626","3.44288723134514","0.559454867084114","0.238379430386544","0","1","0.205596921423668","0.259933026161424"
"AuD_L","Secondary Auditory Cortex Dorsal Part (L)","11","0.164135094562016","0.170511566008228","0.179421677397399","0.00732850515284532","0.0177989211909021","0.0171024262982001","0.0556330668047438","0.0556330668047438","3.30386232575583","0.548042991491778","0.230976938292172","0","1","0.417298064035254","0.0564175428061708"
"X5N_L","Trigeminal Motor Nucleus (L)","103","0.0412892519367978","0.0372048093662","0.03749525953947","0.00475893576599188","0.0021704291366328","0.0118242952605398","0.0581529590505222","0.0581529590505222","3.24637389048609","0.543253991366008","0.227873697225794","0","1","0.781455032827957","0.158041900462296"
"AuV_R","Secondary Auditory Cortex Ventral Part (R)","178","0.122876812390261","0.135343923739475","0.130095587990475","0.00939748165428729","0.00920618792068696","0.0191066287166283","0.059767399689971","0.059767399689971","3.21095282529199","0.540282150639156","0.225949158002783","0","1","0.13783367557717","0.512826774756172"
"APir_L","Amygdalopiriform Transition Area (L)","58","0.0187972653844433","0.0214123842348175","0.0208006039973325","0.00299169131951555","0.0015533416378329","0.0106809311006484","0.060353624282585","0.060353624282585","3.19834859595324","0.539220699962897","0.225262013701003","0","1","0.0887484828145855","0.565487836948571"
"Ve_L","Vestibular Nuclei (L)","115","0.366623166461464","0.339395889529095","0.331749228637401","0.038449927784841","0.0278972748982272","0.0276070895308051","0.0669444014502354","0.0669444014502354","3.06520071232312","0.527877457570593","0.217927975221681","0","1","0.857245176525077","0.140390039969025"
"A29b_R","Cingulate Cortex Area 29b (R)","172","0.0196857102511356","0.0198225410483325","0.0212235748083625","0.00145480786661063","0.00163895968053041","0.0102891801428965","0.070112166623425","0.070112166623425","3.00620759370229","0.522772990338523","0.214633945241108","0","1","0.99646157770728","0.614128738749316"
"A29c_R","Cingulate Cortex Area 29c (R)","173","0.124933977455604","0.11174801576795","0.115588104279591","0.0126124165183288","0.00679380655264367","0.0201018888362","0.0701919891735094","0.0701919891735094","3.00475885348068","0.52264700876497","0.214552702043412","0","1","0.848854021234814","0.222551300880535"
"A24b_R","Cingulate Cortex Area 24b (R)","169","0.207141221645226","0.18429309527269","0.19051934101926","0.0228711658550758","0.0170956914399396","0.0251132673749465","0.071546528636712","0.071546528636712","2.98044506252476","0.520528146346204","0.213186708233916","0","1","0.429703617754896","0.938652412630567"
"S1DZ_R","Primary Somatosensory Cortex Dysgranular Zone (R)","192","0.110519328779792","0.118434125394155","0.118532505143064","0.00496295430628133","0.0102778317347572","0.0155658577432095","0.072104939826338","0.072104939826338","2.97056747079318","0.519664880720186","0.212630408679063","0","1","0.685979992965494","0.229418378690654"
"A24aPrime_R","Cingulate Cortex Area 24a prime (R)","168","0.0776481288274689","0.0687012337626575","0.0717171711342225","0.00695632082533347","0.00832219534591543","0.0164638540579738","0.084488583400162","0.084488583400162","2.77071533512041","0.501879679090192","0.201203442790954","0","1","0.57445086430208","0.915454781378972"
"A30_L","Cingulate Cortex Area 30 (L)","8","0.290977870283896","0.317931809516568","0.295171879236207","0.0310542579044975","0.0259772524908913","0.0201018888362","0.0845696491589085","0.0845696491589085","2.76951479676282","0.501770936217896","0.201133797206415","0","1","0.188630530803989","0.401790246781679"
"S1Sh_R","Primary Somatosensory Cortex Shoulder Region (R)","196","0.00526468886989782","0.00608435869756788","0.00581582491529265","0.000618267683241882","0.00100364032063137","0.00761250951583606","0.0871281982079009","0.0871281982079009","2.73225600623818","0.498384299168841","0.19896628820472","0","1","0.989925898152347","0.570789958324974"
"V2L_L","Secondary Visual CortexLateral Area (L)","38","0.255066531022567","0.27528833212294","0.274242305770304","0.0253538925329045","0.0206312298324506","0.0191066287166283","0.0891366869565359","0.0891366869565359","2.70383419311705","0.495785345149679","0.197304940720539","0","1","0.10428672133142","0.487212218209962"
"M2_L","Secondary Motor Cortex (L)","20","0.583833796646607","0.641817357470199","0.596242697347474","0.0707295646684878","0.0500703825738912","0.0372380232246384","0.096464239817253","0.096464239817253","2.60576662296939","0.486711284865472","0.191519279668542","0","1","0.755957916425954","0.306363602902955"
"n8_L","Vestibulocochlear Nerve (L)","137","0.0166322215845111","0.014806486761055","0.014888683642135","0.00207001783660263","0.00197936671281117","0.0106809311006484","0.100130332575725","0.100130332575725","2.55970847419862","0.482390682312266","0.188773119943488","0","1","0.489162410266881","0.732762781715177"
"Acb_L","Accumbens (L)","66","0.40472309963677","0.384456565232657","0.396794902149513","0.0262981727423513","0.0131105132441183","0.0188258356806446","0.102145513143119","0.102145513143119","2.53516824101553","0.480072744583902","0.187302307283719","0","1","0.320283315650631","0.109184639802159"
"PrS_R","Presubiculum (R)","222","0.00854043148172551","0.00985468020268452","0.00898562433889852","0.00106132542339834","0.00106047951258651","0.0106809311006484","0.103976725543297","0.103976725543297","2.51332205905093","0.477999815428923","0.185988467385602","0","1","0.475999995751063","0.163642070080145"
"Amy_L","Amygdala (L)","65","1.20567272766563","1.26755764750941","1.23522077987316","0.0711552757679798","0.0559028890809005","0.044106361928768","0.113225507222319","0.113225507222319","2.40904199984069","0.467978437716243","0.179658024776812","0","1","0.758836157634867","0.434306663083709"
"S1J_R","Primary Somatosensory Cortex Jaw Region (R)","195","0.282289994747238","0.269168629561824","0.284730834120586","0.0173675967052207","0.0158314971766319","0.0191066287166283","0.113871670205979","0.113871670205979","2.40210687568954","0.467304346583052","0.179233526338071","0","1","0.38899431024346","0.467740900076073"
"S1FL_R","Primary Somatosensory CortexForelimb Region (R)","193","0.30447167716462","0.318969384183851","0.322406912487345","0.016897210883492","0.0148842286338588","0.0276070895308051","0.119475984870692","0.119475984870692","2.3436998728365","0.461588154964269","0.175640931313774","0","1","0.195306143270141","0.62382919810344"
"V1_R","Primary Visual Cortex (R)","201","0.0601805539192178","0.0665990781351987","0.06415931851724","0.00752825740328659","0.00631648187059245","0.0118242952605398","0.119984897626441","0.119984897626441","2.33854474923571","0.4610802285972","0.175322330374136","0","1","0.841624965207341","0.369786612246169"
"Amy_R","Amygdala (R)","231","1.16996687035285","1.2247867040912","1.24913363686133","0.104492468268556","0.0738841884686384","0.0437258879647578","0.127294594764874","0.127294594764874","2.26702653092158","0.453975022432811","0.170876761694703","0","1","0.334223006098349","0.0963755738801705"
"fi_L","Fimbria (L)","120","0.21151965459437","0.215673256473679","0.206278676222203","0.00895542765719529","0.00772410271869141","0.0171024262982001","0.129234282675856","0.129234282675856","2.24879948522479","0.45214634449326","0.169736094785998","0","1","0.947557817522386","0.83040438741713"
"APir_R","Amygdalopiriform Transition Area (R)","224","0.0191464064364467","0.0210506744757875","0.018928286828795","0.00265844362308234","0.00219517119654993","0.0106809311006484","0.137437234816093","0.137437234816093","2.17488490159078","0.444653583405695","0.165078095014566","0","1","0.543180846153863","0.752944467968189"
"A29a_R","Cingulate Cortex Area 29a (R)","171","0.0534643827255744","0.0482655683089538","0.0517186008579062","0.00491089023262369","0.00546157856728686","0.0127035262058414","0.139278054022618","0.139278054022618","2.15895893112022","0.443022565721208","0.164067609179507","0","1","0.0751647377148532","0.865064562687825"
"RMC_L","Red Nucleus Magnocellular (L)","158","0.0134417655532622","0.0134168607403038","0.012574784537855","0.00123590778551295","0.000964286848232592","0.00761250951583606","0.140252847728299","0.140252847728299","2.15061816739563","0.442165967132831","0.163537420068029","0","1","0.793260730773854","0.0778504706279254"
"Cn_L","Cuneiform Nucleus (L)","87","0.0377837664173","0.0411111204416588","0.0394370668942437","0.00281436425843011","0.00396378716380274","0.0117160429872357","0.140978495542867","0.140978495542867","2.1444501620024","0.441531442512864","0.163144911774363","0","1","0.891026307171967","0.700718142093908"
"py_L","Pyramidal Tract (L)","136","0.0674340184182445","0.06769551036854","0.0759846934173563","0.0136613056766504","0.00831831916587501","0.0125535910047501","0.163922751712691","0.163922751712691","1.96549548480252","0.422707236405198","0.151594321027405","0","1","0.0910235390763754","0.538585416129148"
"scp_L","Superior Cerebellar Peduncle (L)","145","0.0739682406495245","0.0712429333487","0.0708096693622337","0.00421368939152226","0.00305522792490567","0.0117160429872357","0.163923249771627","0.163923249771627","1.96549190353128","0.422706851303841","0.151594086684514","0","1","0.272610569078288","0.605143401790994"
"PrS_L","Presubiculum (L)","56","0.0116454123852989","0.0130186864744287","0.0128238520436349","0.0012236213655309","0.00153450092844192","0.0106809311006484","0.174258527742347","0.174258527742347","1.89362530094056","0.414906922852536","0.146865234310976","0","1","0.901397486960722","0.495078310025696"
"LO_L","Lateral Orbital Cortex (L)","17","0.304150384033787","0.280780799741903","0.299306915292363","0.0356890171077359","0.0165049297176707","0.0271638743338181","0.187065315567659","0.187065315567659","1.81076648923707","0.405727908067942","0.141347240288735","0","1","0.854437869044198","0.169329196576602"
"RPC_L","Red Nucleus Parvicellular (L)","84","0.0124558267558189","0.0125746061339638","0.0116772523339462","0.000646783838421545","0.00166705429956194","0.00851263776016307","0.213680442912455","0.213680442912455","1.6567779271364","0.388092998125731","0.130900450073019","0","1","0.202223964296176","0.0972819363206479"
"ll_L","Lateral Lemniscus (L)","134","0.101544174655563","0.09789646554985","0.0987110908340812","0.00537959604433547","0.00439054658983706","0.0117160429872357","0.223479195913426","0.223479195913426","1.60529311110059","0.382015362744459","0.127350716635611","0","1","0.614625887843157","0.199765495479402"
"M1_L","Primary Motor Cortex (L)","19","0.662229920669233","0.697664787522156","0.68092709304222","0.0454966342854368","0.0518861187129756","0.0276893518840408","0.243410249442558","0.243410249442558","1.50777503436982","0.370230276544185","0.120547022170341","0","1","0.361560522737554","0.270504696939727"
"S2_R","Secondary Somatosensory Cortex (R)","199","0.530240298089544","0.558004340206245","0.5404885298347","0.0367703224089671","0.0373011156275291","0.0279342588758512","0.245053466447587","0.245053466447587","1.50012701796256","0.36929010743742","0.120008941973701","0","1","0.486860126664945","0.259309542143175"
"m5_L","Motor Root of Trigeminal Nerve (L)","102","0.0106466553855072","0.0106059738974122","0.00975839454067737","0.00156574456863852","0.0011208114549932","0.00761250951583606","0.245084735368435","0.245084735368435","1.49998202612351","0.369272260500115","0.119998734637276","0","1","0.704260118836394","0.0812103309025865"
"S1Tr_R","Primary Somatosensory Cortex Trunk Region (R)","197","0.0522901775616044","0.056014736666475","0.0547472433549187","0.0039200820821446","0.00555226879324325","0.0118242952605398","0.256781088179268","0.256781088179268","1.44711703020289","0.362706622016759","0.116261221509484","0","1","0.730297912060177","0.641553295106776"
"bsc_L","Brachium of Superior Colliculus (L)","132","0.00110321685543421","0.00104257015508697","0.00126988186909806","0.000249511335353475","0.000330526731528279","0.00761250951583606","0.257933162614235","0.257933162614235","1.44205257436796","0.362071386026161","0.115901501440265","0","1","0.535859287774003","0.571969585255967"
"PaS_L","Parasubiculum (L)","54","0.109884014858313","0.115687928480778","0.113853165169262","0.00597972112649517","0.00775779546854372","0.0156895916537102","0.263750513891828","0.263750513891828","1.4168511445293","0.358893646506404","0.114107121687896","0","1","0.330075522402157","0.929555639897644"
"Vpal_R","Ventral Pallidum (R)","234","0.210230418506979","0.196306952495445","0.20557705646543","0.0173842527904148","0.0202982665996065","0.0201018888362","0.268913977355635","0.268913977355635","1.39498525866727","0.356113523608729","0.112544325753984","0","1","0.324559508667055","0.802881730081341"
"mlf_ts_L","Medial Longitudinal Fasciculus and Tectospinal Tract (L)","140","0.133958098917822","0.151177826798359","0.149164051801602","0.0158989442456737","0.0246905347784563","0.0339752745785362","0.274930958468797","0.274930958468797","1.37007559586901","0.352919717353938","0.110757253280372","0","1","0.502924463490759","0.262309759283878"
"Vll_L","Ventral Lateral Lemniscus Nucleus (L)","96","0.00386405921981438","0.00346596337160113","0.00366043492368784","0.000622210760513425","0.000508023812432399","0.00761250951583606","0.27717838169726","0.27717838169726","1.36092369874045","0.351739017240243","0.110098867358847","0","1","0.257520338324465","0.413825922078481"
"LGN_L","Lateral Geniculate Nucleus (L)","76","0.0920732784721144","0.0895556659505775","0.0874633414282562","0.00703350887993602","0.00651055919067451","0.0112856746216576","0.278596579264557","0.278596579264557","1.35519011453219","0.350997295318794","0.109685897341087","0","1","0.864252780441884","0.153678572023549"
"Oliv_L","Olivary Complex (L)","112","0.135604075227423","0.144822625822421","0.150895029206421","0.0232433801697207","0.0155349678393676","0.0237812521881804","0.280186107675636","0.280186107675636","1.34880158417994","0.350168996106937","0.109225302146557","0","1","0.835597470464801","0.742608006566771"
"PT_L","Pretectal Nucleus (L)","154","0.0103825013705417","0.00936396280629011","0.00917284379546042","0.00206957750751865","0.00147079190235766","0.0102891801428965","0.289098736124608","0.289098736124608","1.31369765149958","0.345582203284883","0.106685878497235","0","1","0.852094617727854","0.424128310981507"
"A29c_L","Cingulate Cortex Area 29c (L)","7","0.0955378098351767","0.100583466947382","0.09287057513297","0.00845592786810554","0.0102252750464094","0.0180462137059726","0.292172374617851","0.292172374617851","1.30186464406078","0.344022283112958","0.105826610983669","0","1","0.655017901681246","0.750635703211629"
"A29a_L","Cingulate Cortex Area 29a (L)","5","0.0422948782722733","0.0398535256046212","0.0431320660083013","0.00437320539553674","0.00324553101895644","0.0120384998349338","0.292279731654555","0.292279731654555","1.30145379471972","0.343967994642171","0.105796746989235","0","1","0.538697584039395","0.400054421259704"
"VO_R","Ventral Orbital Cortex (R)","207","0.152592794094888","0.145438852345501","0.163909437762514","0.0342245389163139","0.0114228703013625","0.0235461835089533","0.312545918223475","0.312545918223475","1.22670994597024","0.333944734944713","0.100330338365027","0","1","0.0851638895992368","0.10870500474392"
"DTT_L","Dorsal Tenia Tecta (L)","52","0.0481239467905189","0.0511626716557075","0.0529770555439837","0.00864333442172708","0.00623508252506191","0.0117160429872357","0.315433586584003","0.315433586584003","1.21649184268915","0.332550999873998","0.0995778377584847","0","1","0.510892334840305","0.151233637401949"
"Pre_Tel_R","Preoptic Telencephalon (R)","226","0.598749788311092","0.608805551448359","0.617143890189421","0.0367256163047121","0.0225057289919086","0.0214845082779603","0.38629725782967","0.38629725782967","0.99348136498514","0.300527016632318","0.0828351114035663","0","1","0.655166917741259","0.130365089204607"
"LPtA_R","Lateral Parietal Association Cortex (R)","184","0.0132084363196333","0.0140837452345125","0.0134053995291975","0.00115349542337963","0.00159065338943933","0.0102891801428965","0.388088035946229","0.388088035946229","0.98843966808323","0.299763492847161","0.0824494008769755","0","1","0.405215519980424","0.580569815324188"
"Cu_L","Cuneate Nucleus (L)","117","0.0693393144567822","0.076923420107695","0.0717949193420887","0.00649076803837023","0.0121691713948585","0.0207067913906301","0.396046833598428","0.396046833598428","0.966335666448131","0.296392808532579","0.080754517789234","0","1","0.532553013535068","0.293297598630355"
"Acb_R","Accumbens (R)","232","0.398850706823211","0.40857876648626","0.412987613234081","0.0185516610449059","0.0219118512648474","0.0296070791773617","0.400575695337223","0.400575695337223","0.953972912920153","0.294490764312683","0.0798038375918583","0","1","0.232333751897554","0.892303581991938"
"sm_L","Stria Medularis (L)","129","0.00777053006903137","0.0074389591031058","0.00728948443913453","0.000772344528935481","0.000536832531377457","0.0101870364938314","0.416740667695247","0.416740667695247","0.911057800487988","0.287790612091498","0.0764884039476882","0","1","0.682377617210446","0.405812787186637"
"MO_R","Medial Orbital Cortex (R)","187","0.151527851445756","0.138193663093359","0.14555130371237","0.0284370442416986","0.0137836647861651","0.0234073440992948","0.447129680800405","0.447129680800405","0.83508708542714","0.275530411690078","0.0705602822691018","0","1","0.648989806377431","0.223610366653583"
"A25_L","Cingulate Cortex Area 25 (L)","149","0.0410572444117522","0.0389563385753613","0.0401379169945612","0.00431272899575404","0.00363532968028744","0.0106809311006484","0.477884294812594","0.477884294812594","0.763733077896636","0.263496261470225","0.0649226799723674","0","1","0.33655616635468","0.310302245599115"
"APT_L","Anterior Pretectal Nucleus (L)","70","0.0569534252795311","0.0549668699345487","0.0543834717557838","0.00465601918811226","0.00492191432810506","0.0118242952605398","0.481958205670949","0.481958205670949","0.754658445042844","0.261926159796445","0.0642007973750268","0","1","0.726608631034116","0.992184767230897"
"lfp_L","Longitudinal Fasciculus of Pons (L)","139","0.00247263508012697","0.0021549072325917","0.00221342557304409","0.000829566505784177","0.000383895449825207","0.00761250951583606","0.498630610526822","0.498630610526822","0.71837326180281","0.25555167806902","0.0613031558010204","0","1","0.537298714493149","0.0578770436232491"
"A32_L","Cingulate Cortex Area 32 (L)","9","0.2357610464505","0.243920074995326","0.253463818266425","0.0435429412399455","0.0155582209161568","0.0279342588758512","0.503063530901538","0.503063530901538","0.708948127252761","0.253869710186645","0.0605475504330464","0","1","0.101606163125469","0.258267952604387"
"CEnt_L","Caudomedial Entorhinal Cortex (L)","42","0.523728087838026","0.516337177073726","0.497091885761675","0.060331661006566","0.046995420846854","0.04111370050324","0.538251848965165","0.538251848965165","0.63720127952257","0.240681094079918","0.054755543383427","0","1","0.674633925402199","0.487690801176639"
"PnC_L","Pontine Reticular NucleusCaudal (L)","113","0.26776611288821","0.267827683922183","0.254535775363805","0.0293650449839874","0.0277027674809711","0.0313183442759416","0.548864818405795","0.548864818405795","0.6165629271962","0.236751293976727","0.0530761922489766","0","1","0.0595026026679019","0.836935659675012"
"cg_L","Cingulum (L)","124","0.0816292587631667","0.08274489641334","0.0850632141855363","0.00867208784001272","0.00280197139088481","0.0155658577432095","0.596058787558934","0.596058787558934","0.529778105847788","0.219457617744663","0.0459486818379522","0","1","0.404416400438399","0.207421214666215"
"IRN_L","IntermediateReticularNucleus (L)","162","0.153752696046431","0.160576290057404","0.149337611007176","0.0155551174272045","0.0293422290758103","0.0268486224437183","0.606970240193478","0.606970240193478","0.510779637965915","0.215486687622126","0.0443740262632789","0","1","0.193556387967613","0.496989359124775"
"DTT_R","Dorsal Tenia Tecta (R)","218","0.0379393983315667","0.0400239275067088","0.0395034944188688","0.00597750208657548","0.00355074842976493","0.0117160429872357","0.614138984292526","0.614138984292526","0.498499483171812","0.212880564715995","0.0433534378899936","0","1","0.685467977081326","0.158680546273043"
"M1_R","Primary Motor Cortex (R)","185","0.700983968142962","0.685733446876624","0.698848359545726","0.0444635675484525","0.0326756420526977","0.0247628892741321","0.625557123228948","0.625557123228948","0.479259386591953","0.208731969627853","0.0417500267614598","0","1","0.877835682815402","0.0633027706048405"
"LDVL_L","Latero Dorsal Thalamic Nucleus Ventro Lateral (L)","155","0.01257583500029","0.0135106204163252","0.0132625757279375","0.00139008905224575","0.00175488913674222","0.0117160429872357","0.641618858372192","0.641618858372192","0.452833497858383","0.202895740772174","0.0395389925072307","0","1","0.607827790892095","0.379957768138358"
"pc_L","Posterior Commissure (L)","131","0.00331352893731286","0.00329715121912165","0.00300104275599019","0.00056966766968604","0.000429167437748932","0.0102891801428965","0.658555064665071","0.658555064665071","0.425739362817195","0.196732250629953","0.0372614278427074","0","1","0.566279471837302","0.144977492619215"
"S1J_L","Primary Somatosensory Cortex Jaw Region (L)","29","0.310094488667443","0.304361316274638","0.305609060447998","0.0192011854696039","0.0115904574628062","0.0168138293648347","0.684492437335943","0.684492437335943","0.385685179101759","0.187249269716202","0.0338745690781683","0","1","0.139658145663613","0.341440517376991"
"A24aPrime_L","Cingulate Cortex Area 24a prime (L)","2","0.0622936362119022","0.063060809755055","0.0604812772915813","0.00518269803074501","0.00733856516851331","0.0129162131031215","0.686617641455874","0.686617641455874","0.382476960436806","0.186468852002103","0.0336022608933204","0","1","0.065938411387131","0.716186568411304"
"Fr3_L","Frontal Cortex Area 3 (L)","14","0.0869315535993333","0.084656041429535","0.0863138708994338","0.00563420245261145","0.00706004843136566","0.0118242952605398","0.706497721860613","0.706497721860613","0.352980404925847","0.179134384528855","0.03109143082575","0","1","0.389838280518149","0.733671639726015"
"Cl_L","Claustrum (L)","47","0.000753450193353127","0.000842814728262955","0.000802048603147468","0.000292198832931504","0.000171824691943848","0.00761250951583606","0.754901909112094","0.754901909112094","0.284791688719162","0.160904174961136","0.0252367696785979","0","1","0.163201502889521","0.417475903742628"
"PCRt_L","Parvicellular Reticular Nucleus and Principal Sensory Trigeminal Nucleus (L)","99","0.485296518928227","0.484670879287994","0.472044166665501","0.0346880503990766","0.0554729290804574","0.0352138326211351","0.767978767291777","0.767978767291777","0.267186524426266","0.1558514807076","0.0237136860960834","0","1","0.0588686399919702","0.344986651920817"
"M2_R","Secondary Motor Cortex (R)","186","0.666257257930977","0.661596379225172","0.647784007067784","0.0558226176056593","0.0723289034392918","0.0339752745785362","0.781143488082253","0.781143488082253","0.249790351154934","0.150692447525938","0.0222040005509338","0","1","0.449261510455569","0.354057482679173"
"LP_L","Latero Posterior Nuclei of Thalamus (L)","156","0.0189904193964433","0.0197436061208975","0.0194162307061813","0.0023122556956384","0.00247123611999043","0.0106809311006484","0.786143467350708","0.786143467350708","0.243266906991552","0.148711712258545","0.0216366745541083","0","1","0.130510957027274","0.39805365238912"
"MPtA_R","Medial Parietal Association Cortex (R)","188","0.0420770605550422","0.0416411173834813","0.0426920795432112","0.00388553184404743","0.00191483048667709","0.0117160429872357","0.803725599912737","0.803725599912737","0.220681851386376","0.141640342027512","0.0196674189954962","0","1","0.521302807427214","0.648821385080982"
"PtPR_R","Parietal Cortex Posterior Area Rostral Part (R)","189","0.00117124368516778","0.00111806446336982","0.00126795660938765","0.000327781189286331","0.000642940520211815","0.00761250951583606","0.809342403584071","0.809342403584071","0.213580231681842","0.13934268799743","0.0190465691838911","0","1","0.982037942275709","0.0916436672195026"
"SPT_R","Septum (R)","228","0.721705583885441","0.713801241107108","0.717142390755101","0.0369097135997852","0.01323163985969","0.0256113423869212","0.821443255189376","0.821443255189376","0.198461488364566","0.134320339069285","0.017722210195639","0","1","0.156961595213986","0.180228462962648"
"fx_L","Fornix (L)","122","0.00885668264519105","0.00893484690028347","0.0086789290272442","0.000823899268300409","0.000655179954189804","0.0102891801428965","0.828304717833625","0.828304717833625","0.189996369162005","0.131424492376976","0.0169791269714445","0","1","0.715167722286001","0.822105824578031"
"VO_L","Ventral Orbital Cortex (L)","41","0.148401828081453","0.147149254241581","0.152820329500368","0.0317164478085545","0.0175719896749217","0.0202305134213977","0.873680989278823","0.873680989278823","0.135872272887987","0.111139663522969","0.0122013138763085","0","1","0.19820382883919","0.259363155942066"
"Preopt_L","Preoptic Telencephalon (L)","60","0.604743539128624","0.602508562324756","0.609754889501106","0.0450242644023164","0.0151863970011517","0.021917857695306","0.883723829335305","0.883723829335305","0.124307811509522","0.106304798279425","0.0111744311300798","0","1","0.0983670652442812","0.0699065131014408"
"VCl_L","Ventral Claustrum (L)","50","0.00228455883415692","0.00230514667342666","0.00236186797614523","0.000575949080657688","0.000546223328526169","0.00761250951583606","0.948553746800642","0.948553746800642","0.0529438301299068","0.0693763321771565","0.00479002073507186","0","1","0.25555936014582","0.503767315625546"
"A24bPrime_R","Cingulate Cortex Area 24b prime (R)","170","0.0437567362775533","0.043270793476055","0.04368081065082","0.00485206453766783","0.00470305554547967","0.0155658577432095","0.983503895038801","0.983503895038801","0.0166462634506802","0.0389011140886037","0.00151101007081498","0","1","0.651650118883365","0.476868001784521"
"BLA_L","Basal Lateral Amygdala (L)","166","0.167387234262171","0.167393401358456","0.168027384043294","0.0108719572883158","0.0131542708571659","0.0188068863056311","0.991975093590523","0.991975093590523","0.00806023089839758","0.0270693232920716","0.000732211736612179","0","1","0.0647300872793956","0.461316381954219"
"NA.",NA,NA,NA,NA,NA,NA,NA,NA,NA,NA,NA,NA,NA,NA,NA,NA,NA
"NA..1",NA,NA,NA,NA,NA,NA,NA,NA,NA,NA,NA,NA,NA,NA,NA,NA,NA
"NA..2",NA,NA,NA,NA,NA,NA,NA,NA,NA,NA,NA,NA,NA,NA,NA,NA,NA
"NA..3",NA,NA,NA,NA,NA,NA,NA,NA,NA,NA,NA,NA,NA,NA,NA,NA,NA
"NA..4",NA,NA,NA,NA,NA,NA,NA,NA,NA,NA,NA,NA,NA,NA,NA,NA,NA
"NA..5",NA,NA,NA,NA,NA,NA,NA,NA,NA,NA,NA,NA,NA,NA,NA,NA,NA
"NA..6",NA,NA,NA,NA,NA,NA,NA,NA,NA,NA,NA,NA,NA,NA,NA,NA,NA
"NA..7",NA,NA,NA,NA,NA,NA,NA,NA,NA,NA,NA,NA,NA,NA,NA,NA,NA
"NA..8",NA,NA,NA,NA,NA,NA,NA,NA,NA,NA,NA,NA,NA,NA,NA,NA,NA
"NA..9",NA,NA,NA,NA,NA,NA,NA,NA,NA,NA,NA,NA,NA,NA,NA,NA,NA
"NA..10",NA,NA,NA,NA,NA,NA,NA,NA,NA,NA,NA,NA,NA,NA,NA,NA,NA
"NA..11",NA,NA,NA,NA,NA,NA,NA,NA,NA,NA,NA,NA,NA,NA,NA,NA,NA
"NA..12",NA,NA,NA,NA,NA,NA,NA,NA,NA,NA,NA,NA,NA,NA,NA,NA,NA
"NA..13",NA,NA,NA,NA,NA,NA,NA,NA,NA,NA,NA,NA,NA,NA,NA,NA,NA
"NA..14",NA,NA,NA,NA,NA,NA,NA,NA,NA,NA,NA,NA,NA,NA,NA,NA,NA
"NA..15",NA,NA,NA,NA,NA,NA,NA,NA,NA,NA,NA,NA,NA,NA,NA,NA,NA
"NA..16",NA,NA,NA,NA,NA,NA,NA,NA,NA,NA,NA,NA,NA,NA,NA,NA,NA
"NA..17",NA,NA,NA,NA,NA,NA,NA,NA,NA,NA,NA,NA,NA,NA,NA,NA,NA
"NA..18",NA,NA,NA,NA,NA,NA,NA,NA,NA,NA,NA,NA,NA,NA,NA,NA,NA
"NA..19",NA,NA,NA,NA,NA,NA,NA,NA,NA,NA,NA,NA,NA,NA,NA,NA,NA
"NA..20",NA,NA,NA,NA,NA,NA,NA,NA,NA,NA,NA,NA,NA,NA,NA,NA,NA
"NA..21",NA,NA,NA,NA,NA,NA,NA,NA,NA,NA,NA,NA,NA,NA,NA,NA,NA
"NA..22",NA,NA,NA,NA,NA,NA,NA,NA,NA,NA,NA,NA,NA,NA,NA,NA,NA
"NA..23",NA,NA,NA,NA,NA,NA,NA,NA,NA,NA,NA,NA,NA,NA,NA,NA,NA
"NA..24",NA,NA,NA,NA,NA,NA,NA,NA,NA,NA,NA,NA,NA,NA,NA,NA,NA
"NA..25",NA,NA,NA,NA,NA,NA,NA,NA,NA,NA,NA,NA,NA,NA,NA,NA,NA
"NA..26",NA,NA,NA,NA,NA,NA,NA,NA,NA,NA,NA,NA,NA,NA,NA,NA,NA
"NA..27",NA,NA,NA,NA,NA,NA,NA,NA,NA,NA,NA,NA,NA,NA,NA,NA,NA
"NA..28",NA,NA,NA,NA,NA,NA,NA,NA,NA,NA,NA,NA,NA,NA,NA,NA,NA
"NA..29",NA,NA,NA,NA,NA,NA,NA,NA,NA,NA,NA,NA,NA,NA,NA,NA,NA
"NA..30",NA,NA,NA,NA,NA,NA,NA,NA,NA,NA,NA,NA,NA,NA,NA,NA,NA
"NA..31",NA,NA,NA,NA,NA,NA,NA,NA,NA,NA,NA,NA,NA,NA,NA,NA,NA
"NA..32",NA,NA,NA,NA,NA,NA,NA,NA,NA,NA,NA,NA,NA,NA,NA,NA,NA
"NA..33",NA,NA,NA,NA,NA,NA,NA,NA,NA,NA,NA,NA,NA,NA,NA,NA,NA
"NA..34",NA,NA,NA,NA,NA,NA,NA,NA,NA,NA,NA,NA,NA,NA,NA,NA,NA
"NA..35",NA,NA,NA,NA,NA,NA,NA,NA,NA,NA,NA,NA,NA,NA,NA,NA,NA
"NA..36",NA,NA,NA,NA,NA,NA,NA,NA,NA,NA,NA,NA,NA,NA,NA,NA,NA
"NA..37",NA,NA,NA,NA,NA,NA,NA,NA,NA,NA,NA,NA,NA,NA,NA,NA,NA
"NA..38",NA,NA,NA,NA,NA,NA,NA,NA,NA,NA,NA,NA,NA,NA,NA,NA,NA
"NA..39",NA,NA,NA,NA,NA,NA,NA,NA,NA,NA,NA,NA,NA,NA,NA,NA,NA
"NA..40",NA,NA,NA,NA,NA,NA,NA,NA,NA,NA,NA,NA,NA,NA,NA,NA,NA
"NA..41",NA,NA,NA,NA,NA,NA,NA,NA,NA,NA,NA,NA,NA,NA,NA,NA,NA
"NA..42",NA,NA,NA,NA,NA,NA,NA,NA,NA,NA,NA,NA,NA,NA,NA,NA,NA
"NA..43",NA,NA,NA,NA,NA,NA,NA,NA,NA,NA,NA,NA,NA,NA,NA,NA,NA
"NA..44",NA,NA,NA,NA,NA,NA,NA,NA,NA,NA,NA,NA,NA,NA,NA,NA,NA
"NA..45",NA,NA,NA,NA,NA,NA,NA,NA,NA,NA,NA,NA,NA,NA,NA,NA,NA
"NA..46",NA,NA,NA,NA,NA,NA,NA,NA,NA,NA,NA,NA,NA,NA,NA,NA,NA
"NA..47",NA,NA,NA,NA,NA,NA,NA,NA,NA,NA,NA,NA,NA,NA,NA,NA,NA
"NA..48",NA,NA,NA,NA,NA,NA,NA,NA,NA,NA,NA,NA,NA,NA,NA,NA,NA
"NA..49",NA,NA,NA,NA,NA,NA,NA,NA,NA,NA,NA,NA,NA,NA,NA,NA,NA
"NA..50",NA,NA,NA,NA,NA,NA,NA,NA,NA,NA,NA,NA,NA,NA,NA,NA,NA
"NA..51",NA,NA,NA,NA,NA,NA,NA,NA,NA,NA,NA,NA,NA,NA,NA,NA,NA
"NA..52",NA,NA,NA,NA,NA,NA,NA,NA,NA,NA,NA,NA,NA,NA,NA,NA,NA
"NA..53",NA,NA,NA,NA,NA,NA,NA,NA,NA,NA,NA,NA,NA,NA,NA,NA,NA
"NA..54",NA,NA,NA,NA,NA,NA,NA,NA,NA,NA,NA,NA,NA,NA,NA,NA,NA
"NA..55",NA,NA,NA,NA,NA,NA,NA,NA,NA,NA,NA,NA,NA,NA,NA,NA,NA
"NA..56",NA,NA,NA,NA,NA,NA,NA,NA,NA,NA,NA,NA,NA,NA,NA,NA,NA
"NA..57",NA,NA,NA,NA,NA,NA,NA,NA,NA,NA,NA,NA,NA,NA,NA,NA,NA
"NA..58",NA,NA,NA,NA,NA,NA,NA,NA,NA,NA,NA,NA,NA,NA,NA,NA,NA
"NA..59",NA,NA,NA,NA,NA,NA,NA,NA,NA,NA,NA,NA,NA,NA,NA,NA,NA
"NA..60",NA,NA,NA,NA,NA,NA,NA,NA,NA,NA,NA,NA,NA,NA,NA,NA,NA
"NA..61",NA,NA,NA,NA,NA,NA,NA,NA,NA,NA,NA,NA,NA,NA,NA,NA,NA
"NA..62",NA,NA,NA,NA,NA,NA,NA,NA,NA,NA,NA,NA,NA,NA,NA,NA,NA
"NA..63",NA,NA,NA,NA,NA,NA,NA,NA,NA,NA,NA,NA,NA,NA,NA,NA,NA
"NA..64",NA,NA,NA,NA,NA,NA,NA,NA,NA,NA,NA,NA,NA,NA,NA,NA,NA
"NA..65",NA,NA,NA,NA,NA,NA,NA,NA,NA,NA,NA,NA,NA,NA,NA,NA,NA
"NA..66",NA,NA,NA,NA,NA,NA,NA,NA,NA,NA,NA,NA,NA,NA,NA,NA,NA
"NA..67",NA,NA,NA,NA,NA,NA,NA,NA,NA,NA,NA,NA,NA,NA,NA,NA,NA
"NA..68",NA,NA,NA,NA,NA,NA,NA,NA,NA,NA,NA,NA,NA,NA,NA,NA,NA
"NA..69",NA,NA,NA,NA,NA,NA,NA,NA,NA,NA,NA,NA,NA,NA,NA,NA,NA
"NA..70",NA,NA,NA,NA,NA,NA,NA,NA,NA,NA,NA,NA,NA,NA,NA,NA,NA
"NA..71",NA,NA,NA,NA,NA,NA,NA,NA,NA,NA,NA,NA,NA,NA,NA,NA,NA
"NA..72",NA,NA,NA,NA,NA,NA,NA,NA,NA,NA,NA,NA,NA,NA,NA,NA,NA
"NA..73",NA,NA,NA,NA,NA,NA,NA,NA,NA,NA,NA,NA,NA,NA,NA,NA,NA
"NA..74",NA,NA,NA,NA,NA,NA,NA,NA,NA,NA,NA,NA,NA,NA,NA,NA,NA
"NA..75",NA,NA,NA,NA,NA,NA,NA,NA,NA,NA,NA,NA,NA,NA,NA,NA,NA
"NA..76",NA,NA,NA,NA,NA,NA,NA,NA,NA,NA,NA,NA,NA,NA,NA,NA,NA
"NA..77",NA,NA,NA,NA,NA,NA,NA,NA,NA,NA,NA,NA,NA,NA,NA,NA,NA
"NA..78",NA,NA,NA,NA,NA,NA,NA,NA,NA,NA,NA,NA,NA,NA,NA,NA,NA
"NA..79",NA,NA,NA,NA,NA,NA,NA,NA,NA,NA,NA,NA,NA,NA,NA,NA,NA
"NA..80",NA,NA,NA,NA,NA,NA,NA,NA,NA,NA,NA,NA,NA,NA,NA,NA,NA
"NA..81",NA,NA,NA,NA,NA,NA,NA,NA,NA,NA,NA,NA,NA,NA,NA,NA,NA
"NA..82",NA,NA,NA,NA,NA,NA,NA,NA,NA,NA,NA,NA,NA,NA,NA,NA,NA
"NA..83",NA,NA,NA,NA,NA,NA,NA,NA,NA,NA,NA,NA,NA,NA,NA,NA,NA
"NA..84",NA,NA,NA,NA,NA,NA,NA,NA,NA,NA,NA,NA,NA,NA,NA,NA,NA
"NA..85",NA,NA,NA,NA,NA,NA,NA,NA,NA,NA,NA,NA,NA,NA,NA,NA,NA
"NA..86",NA,NA,NA,NA,NA,NA,NA,NA,NA,NA,NA,NA,NA,NA,NA,NA,NA
"NA..87",NA,NA,NA,NA,NA,NA,NA,NA,NA,NA,NA,NA,NA,NA,NA,NA,NA
"NA..88",NA,NA,NA,NA,NA,NA,NA,NA,NA,NA,NA,NA,NA,NA,NA,NA,NA
"NA..89",NA,NA,NA,NA,NA,NA,NA,NA,NA,NA,NA,NA,NA,NA,NA,NA,NA
"NA..90",NA,NA,NA,NA,NA,NA,NA,NA,NA,NA,NA,NA,NA,NA,NA,NA,NA
